"path","slide_mpp","magnification"
"/home/agwiazda/birmingham_svs/TNO 1.svs","0.121398698884758","40"
"/home/agwiazda/birmingham_svs/TNO 10.svs","0.121398698884758","40"
"/home/agwiazda/birmingham_svs/TNO 101.svs","0.121398698884758","40"
"/home/agwiazda/birmingham_svs/TNO 102.svs","0.121398698884758","40"
"/home/agwiazda/birmingham_svs/TNO 103.svs","0.121398698884758","40"
"/home/agwiazda/birmingham_svs/TNO 104.svs","0.121398698884758","40"
"/home/agwiazda/birmingham_svs/TNO 105.svs","0.121398698884758","40"
"/home/agwiazda/birmingham_svs/TNO 107.svs","0.121398698884758","40"
"/home/agwiazda/birmingham_svs/TNO 108.svs","0.121398698884758","40"
"/home/agwiazda/birmingham_svs/TNO 109.svs","0.121398698884758","40"
"/home/agwiazda/birmingham_svs/TNO 110.svs","0.121398698884758","40"
"/home/agwiazda/birmingham_svs/TNO 112_20240306091321635.svs","0.121398698884758","40"
"/home/agwiazda/birmingham_svs/TNO 113.svs","0.121398698884758","40"
"/home/agwiazda/birmingham_svs/TNO 114.svs","0.121398698884758","40"
"/home/agwiazda/birmingham_svs/TNO 118.svs","0.121398698884758","40"
"/home/agwiazda/birmingham_svs/TNO 120.svs","0.121398698884758","40"
"/home/agwiazda/birmingham_svs/TNO 123.svs","0.121398698884758","40"
"/home/agwiazda/birmingham_svs/TNO 125.svs","0.121398698884758","40"
"/home/agwiazda/birmingham_svs/TNO 126.svs","0.121398698884758","40"
"/home/agwiazda/birmingham_svs/TNO 127.svs","0.121398698884758","40"
"/home/agwiazda/birmingham_svs/TNO 128.svs","0.121398698884758","40"
"/home/agwiazda/birmingham_svs/TNO 129.svs","0.121398698884758","40"
"/home/agwiazda/birmingham_svs/TNO 131.svs","0.121398698884758","40"
"/home/agwiazda/birmingham_svs/TNO 132.svs","0.121398698884758","40"
"/home/agwiazda/birmingham_svs/TNO 134.svs","0.121398698884758","40"
"/home/agwiazda/birmingham_svs/TNO 135.svs","0.121398698884758","40"
"/home/agwiazda/birmingham_svs/TNO 136.svs","0.121398698884758","40"
"/home/agwiazda/birmingham_svs/TNO 139.svs","0.121398698884758","40"
"/home/agwiazda/birmingham_svs/TNO 14.svs","0.121398698884758","40"
"/home/agwiazda/birmingham_svs/TNO 140.svs","0.121398698884758","40"
"/home/agwiazda/birmingham_svs/TNO 141.svs","0.121398698884758","40"
"/home/agwiazda/birmingham_svs/TNO 142.svs","0.121398698884758","40"
"/home/agwiazda/birmingham_svs/TNO 144.svs","0.121398698884758","40"
"/home/agwiazda/birmingham_svs/TNO 145.svs","0.121398698884758","40"
"/home/agwiazda/birmingham_svs/TNO 147.svs","0.121398698884758","40"
"/home/agwiazda/birmingham_svs/TNO 148.svs","0.121398698884758","40"
"/home/agwiazda/birmingham_svs/TNO 149_20240308173550201.svs","0.121398698884758","40"
"/home/agwiazda/birmingham_svs/TNO 15.svs","0.121398698884758","40"
"/home/agwiazda/birmingham_svs/TNO 150.svs","0.121398698884758","40"
"/home/agwiazda/birmingham_svs/TNO 151.svs","0.121398698884758","40"
"/home/agwiazda/birmingham_svs/TNO 152.svs","0.121398698884758","40"
"/home/agwiazda/birmingham_svs/TNO 153.svs","0.121398698884758","40"
"/home/agwiazda/birmingham_svs/TNO 154.svs","0.121398698884758","40"
"/home/agwiazda/birmingham_svs/TNO 155.svs","0.121398698884758","40"
"/home/agwiazda/birmingham_svs/TNO 156.svs","0.121398698884758","40"
"/home/agwiazda/birmingham_svs/TNO 158.svs","0.121398698884758","40"
"/home/agwiazda/birmingham_svs/TNO 159.svs","0.121398698884758","40"
"/home/agwiazda/birmingham_svs/TNO 16.svs","0.121398698884758","40"
"/home/agwiazda/birmingham_svs/TNO 160.svs","0.121398698884758","40"
"/home/agwiazda/birmingham_svs/TNO 162.svs","0.121398698884758","40"
"/home/agwiazda/birmingham_svs/TNO 163.svs","0.121398698884758","40"
"/home/agwiazda/birmingham_svs/TNO 166.svs","0.121398698884758","40"
"/home/agwiazda/birmingham_svs/TNO 168.svs","0.121398698884758","40"
"/home/agwiazda/birmingham_svs/TNO 169.svs","0.121398698884758","40"
"/home/agwiazda/birmingham_svs/TNO 17.svs","0.121398698884758","40"
"/home/agwiazda/birmingham_svs/TNO 170.svs","0.121398698884758","40"
"/home/agwiazda/birmingham_svs/TNO 171.svs","0.121398698884758","40"
"/home/agwiazda/birmingham_svs/TNO 172.svs","0.121398698884758","40"
"/home/agwiazda/birmingham_svs/TNO 173_20240306182838164.svs","0.121398698884758","40"
"/home/agwiazda/birmingham_svs/TNO 174.svs","0.121398698884758","40"
"/home/agwiazda/birmingham_svs/TNO 179.svs","0.121398698884758","40"
"/home/agwiazda/birmingham_svs/TNO 18.svs","0.121398698884758","40"
"/home/agwiazda/birmingham_svs/TNO 181.svs","0.121398698884758","40"
"/home/agwiazda/birmingham_svs/TNO 184.svs","0.121398698884758","40"
"/home/agwiazda/birmingham_svs/TNO 185.svs","0.121398698884758","40"
"/home/agwiazda/birmingham_svs/TNO 186.svs","0.121398698884758","40"
"/home/agwiazda/birmingham_svs/TNO 19.svs","0.121398698884758","40"
"/home/agwiazda/birmingham_svs/TNO 191.svs","0.121398698884758","40"
"/home/agwiazda/birmingham_svs/TNO 193.svs","0.121398698884758","40"
"/home/agwiazda/birmingham_svs/TNO 195.svs","0.121398698884758","40"
"/home/agwiazda/birmingham_svs/TNO 196.svs","0.121398698884758","40"
"/home/agwiazda/birmingham_svs/TNO 197.svs","0.121398698884758","40"
"/home/agwiazda/birmingham_svs/TNO 198.svs","0.121398698884758","40"
"/home/agwiazda/birmingham_svs/TNO 199.svs","0.121398698884758","40"
"/home/agwiazda/birmingham_svs/TNO 2.svs","0.121398698884758","40"
"/home/agwiazda/birmingham_svs/TNO 20.svs","0.121398698884758","40"
"/home/agwiazda/birmingham_svs/TNO 204.svs","0.121398698884758","40"
"/home/agwiazda/birmingham_svs/TNO 205.svs","0.121398698884758","40"
"/home/agwiazda/birmingham_svs/TNO 206.svs","0.121398698884758","40"
"/home/agwiazda/birmingham_svs/TNO 209.svs","0.121398698884758","40"
"/home/agwiazda/birmingham_svs/TNO 21.svs","0.121398698884758","40"
"/home/agwiazda/birmingham_svs/TNO 210.svs","0.121398698884758","40"
"/home/agwiazda/birmingham_svs/TNO 211.svs","0.121398698884758","40"
"/home/agwiazda/birmingham_svs/TNO 213.svs","0.121398698884758","40"
"/home/agwiazda/birmingham_svs/TNO 22.svs","0.121398698884758","40"
"/home/agwiazda/birmingham_svs/TNO 221.svs","0.121398698884758","40"
"/home/agwiazda/birmingham_svs/TNO 222.svs","0.121398698884758","40"
"/home/agwiazda/birmingham_svs/TNO 223.svs","0.121398698884758","40"
"/home/agwiazda/birmingham_svs/TNO 224.svs","0.121398698884758","40"
"/home/agwiazda/birmingham_svs/TNO 227.svs","0.121398698884758","40"
"/home/agwiazda/birmingham_svs/TNO 229.svs","0.121398698884758","40"
"/home/agwiazda/birmingham_svs/TNO 230.svs","0.121398698884758","40"
"/home/agwiazda/birmingham_svs/TNO 231.svs","0.121398698884758","40"
"/home/agwiazda/birmingham_svs/TNO 232.svs","0.121398698884758","40"
"/home/agwiazda/birmingham_svs/TNO 234.svs","0.121398698884758","40"
"/home/agwiazda/birmingham_svs/TNO 235.svs","0.121398698884758","40"
"/home/agwiazda/birmingham_svs/TNO 236.svs","0.121398698884758","40"
"/home/agwiazda/birmingham_svs/TNO 237.svs","0.121398698884758","40"
"/home/agwiazda/birmingham_svs/TNO 238_20240307075515971.svs","0.121398698884758","40"
"/home/agwiazda/birmingham_svs/TNO 239.svs","0.121398698884758","40"
"/home/agwiazda/birmingham_svs/TNO 240.svs","0.121398698884758","40"
"/home/agwiazda/birmingham_svs/TNO 241_20240306094853998.svs","0.121398698884758","40"
"/home/agwiazda/birmingham_svs/TNO 242.svs","0.121398698884758","40"
"/home/agwiazda/birmingham_svs/TNO 244.svs","0.121398698884758","40"
"/home/agwiazda/birmingham_svs/TNO 245.svs","0.121398698884758","40"
"/home/agwiazda/birmingham_svs/TNO 246.svs","0.121398698884758","40"
"/home/agwiazda/birmingham_svs/TNO 247.svs","0.121398698884758","40"
"/home/agwiazda/birmingham_svs/TNO 248.svs","0.121398698884758","40"
"/home/agwiazda/birmingham_svs/TNO 249.svs","0.121398698884758","40"
"/home/agwiazda/birmingham_svs/TNO 251.svs","0.121398698884758","40"
"/home/agwiazda/birmingham_svs/TNO 253.svs","0.121398698884758","40"
"/home/agwiazda/birmingham_svs/TNO 255.svs","0.121398698884758","40"
"/home/agwiazda/birmingham_svs/TNO 257.svs","0.121398698884758","40"
"/home/agwiazda/birmingham_svs/TNO 259_20240305154653644.svs","0.121398698884758","40"
"/home/agwiazda/birmingham_svs/TNO 260.svs","0.121398698884758","40"
"/home/agwiazda/birmingham_svs/TNO 261.svs","0.121398698884758","40"
"/home/agwiazda/birmingham_svs/TNO 262.svs","0.121398698884758","40"
"/home/agwiazda/birmingham_svs/TNO 263.svs","0.121398698884758","40"
"/home/agwiazda/birmingham_svs/TNO 265.svs","0.121398698884758","40"
"/home/agwiazda/birmingham_svs/TNO 266.svs","0.121398698884758","40"
"/home/agwiazda/birmingham_svs/TNO 269.svs","0.121398698884758","40"
"/home/agwiazda/birmingham_svs/TNO 27.svs","0.121398698884758","40"
"/home/agwiazda/birmingham_svs/TNO 270.svs","0.121398698884758","40"
"/home/agwiazda/birmingham_svs/TNO 271.svs","0.121398698884758","40"
"/home/agwiazda/birmingham_svs/TNO 272.svs","0.121398698884758","40"
"/home/agwiazda/birmingham_svs/TNO 274.svs","0.121398698884758","40"
"/home/agwiazda/birmingham_svs/TNO 276.svs","0.121398698884758","40"
"/home/agwiazda/birmingham_svs/TNO 277.svs","0.121398698884758","40"
"/home/agwiazda/birmingham_svs/TNO 278.svs","0.121398698884758","40"
"/home/agwiazda/birmingham_svs/TNO 28.svs","0.121398698884758","40"
"/home/agwiazda/birmingham_svs/TNO 280.svs","0.121398698884758","40"
"/home/agwiazda/birmingham_svs/TNO 282.svs","0.121398698884758","40"
"/home/agwiazda/birmingham_svs/TNO 283.svs","0.121398698884758","40"
"/home/agwiazda/birmingham_svs/TNO 284.svs","0.121398698884758","40"
"/home/agwiazda/birmingham_svs/TNO 286.svs","0.121398698884758","40"
"/home/agwiazda/birmingham_svs/TNO 287.svs","0.121398698884758","40"
"/home/agwiazda/birmingham_svs/TNO 288.svs","0.121398698884758","40"
"/home/agwiazda/birmingham_svs/TNO 289.svs","0.121398698884758","40"
"/home/agwiazda/birmingham_svs/TNO 290.svs","0.121398698884758","40"
"/home/agwiazda/birmingham_svs/TNO 292.svs","0.121398698884758","40"
"/home/agwiazda/birmingham_svs/TNO 297.svs","0.121398698884758","40"
"/home/agwiazda/birmingham_svs/TNO 298.svs","0.121398698884758","40"
"/home/agwiazda/birmingham_svs/TNO 299.svs","0.121398698884758","40"
"/home/agwiazda/birmingham_svs/TNO 3.svs","0.121398698884758","40"
"/home/agwiazda/birmingham_svs/TNO 30.svs","0.121398698884758","40"
"/home/agwiazda/birmingham_svs/TNO 300.svs","0.121398698884758","40"
"/home/agwiazda/birmingham_svs/TNO 301.svs","0.121398698884758","40"
"/home/agwiazda/birmingham_svs/TNO 306.svs","0.121398698884758","40"
"/home/agwiazda/birmingham_svs/TNO 307.svs","0.121398698884758","40"
"/home/agwiazda/birmingham_svs/TNO 308.svs","0.121398698884758","40"
"/home/agwiazda/birmingham_svs/TNO 309.svs","0.121398698884758","40"
"/home/agwiazda/birmingham_svs/TNO 311.svs","0.121398698884758","40"
"/home/agwiazda/birmingham_svs/TNO 312.svs","0.121398698884758","40"
"/home/agwiazda/birmingham_svs/TNO 313.svs","0.121398698884758","40"
"/home/agwiazda/birmingham_svs/TNO 314.svs","0.121398698884758","40"
"/home/agwiazda/birmingham_svs/TNO 315.svs","0.121398698884758","40"
"/home/agwiazda/birmingham_svs/TNO 316.svs","0.121398698884758","40"
"/home/agwiazda/birmingham_svs/TNO 318.svs","0.121398698884758","40"
"/home/agwiazda/birmingham_svs/TNO 319.svs","0.121398698884758","40"
"/home/agwiazda/birmingham_svs/TNO 32.svs","0.121398698884758","40"
"/home/agwiazda/birmingham_svs/TNO 320.svs","0.121398698884758","40"
"/home/agwiazda/birmingham_svs/TNO 321.svs","0.121398698884758","40"
"/home/agwiazda/birmingham_svs/TNO 324_20240306092127865.svs","0.121398698884758","40"
"/home/agwiazda/birmingham_svs/TNO 325.svs","0.121398698884758","40"
"/home/agwiazda/birmingham_svs/TNO 326.svs","0.121398698884758","40"
"/home/agwiazda/birmingham_svs/TNO 328.svs","0.121398698884758","40"
"/home/agwiazda/birmingham_svs/TNO 329.svs","0.121398698884758","40"
"/home/agwiazda/birmingham_svs/TNO 33.svs","0.121398698884758","40"
"/home/agwiazda/birmingham_svs/TNO 333.svs","0.121398698884758","40"
"/home/agwiazda/birmingham_svs/TNO 336.svs","0.121398698884758","40"
"/home/agwiazda/birmingham_svs/TNO 339.svs","0.121398698884758","40"
"/home/agwiazda/birmingham_svs/TNO 34.svs","0.121398698884758","40"
"/home/agwiazda/birmingham_svs/TNO 340.svs","0.121398698884758","40"
"/home/agwiazda/birmingham_svs/TNO 346.svs","0.121398698884758","40"
"/home/agwiazda/birmingham_svs/TNO 347.svs","0.121398698884758","40"
"/home/agwiazda/birmingham_svs/TNO 348.svs","0.121398698884758","40"
"/home/agwiazda/birmingham_svs/TNO 35.svs","0.121398698884758","40"
"/home/agwiazda/birmingham_svs/TNO 353.svs","0.121398698884758","40"
"/home/agwiazda/birmingham_svs/TNO 355.svs","0.121398698884758","40"
"/home/agwiazda/birmingham_svs/TNO 357.svs","0.121398698884758","40"
"/home/agwiazda/birmingham_svs/TNO 358.svs","0.121398698884758","40"
"/home/agwiazda/birmingham_svs/TNO 360.svs","0.121398698884758","40"
"/home/agwiazda/birmingham_svs/TNO 361.svs","0.121398698884758","40"
"/home/agwiazda/birmingham_svs/TNO 362.svs","0.121398698884758","40"
"/home/agwiazda/birmingham_svs/TNO 364.svs","0.121398698884758","40"
"/home/agwiazda/birmingham_svs/TNO 368.svs","0.121398698884758","40"
"/home/agwiazda/birmingham_svs/TNO 369.svs","0.121398698884758","40"
"/home/agwiazda/birmingham_svs/TNO 370.svs","0.121398698884758","40"
"/home/agwiazda/birmingham_svs/TNO 371.svs","0.121398698884758","40"
"/home/agwiazda/birmingham_svs/TNO 372.svs","0.121398698884758","40"
"/home/agwiazda/birmingham_svs/TNO 373.svs","0.121398698884758","40"
"/home/agwiazda/birmingham_svs/TNO 374.svs","0.121398698884758","40"
"/home/agwiazda/birmingham_svs/TNO 377.svs","0.121398698884758","40"
"/home/agwiazda/birmingham_svs/TNO 378.svs","0.121398698884758","40"
"/home/agwiazda/birmingham_svs/TNO 38.svs","0.121398698884758","40"
"/home/agwiazda/birmingham_svs/TNO 381.svs","0.121398698884758","40"
"/home/agwiazda/birmingham_svs/TNO 384.svs","0.121398698884758","40"
"/home/agwiazda/birmingham_svs/TNO 386.svs","0.121398698884758","40"
"/home/agwiazda/birmingham_svs/TNO 388.svs","0.121398698884758","40"
"/home/agwiazda/birmingham_svs/TNO 389.svs","0.121398698884758","40"
"/home/agwiazda/birmingham_svs/TNO 39.svs","0.121398698884758","40"
"/home/agwiazda/birmingham_svs/TNO 393.svs","0.121398698884758","40"
"/home/agwiazda/birmingham_svs/TNO 395.svs","0.121398698884758","40"
"/home/agwiazda/birmingham_svs/TNO 396.svs","0.121398698884758","40"
"/home/agwiazda/birmingham_svs/TNO 398.svs","0.121398698884758","40"
"/home/agwiazda/birmingham_svs/TNO 399.svs","0.121398698884758","40"
"/home/agwiazda/birmingham_svs/TNO 40.svs","0.121398698884758","40"
"/home/agwiazda/birmingham_svs/TNO 400.svs","0.121398698884758","40"
"/home/agwiazda/birmingham_svs/TNO 401.svs","0.121398698884758","40"
"/home/agwiazda/birmingham_svs/TNO 406.svs","0.121398698884758","40"
"/home/agwiazda/birmingham_svs/TNO 407.svs","0.121398698884758","40"
"/home/agwiazda/birmingham_svs/TNO 408.svs","0.121398698884758","40"
"/home/agwiazda/birmingham_svs/TNO 409.svs","0.121398698884758","40"
"/home/agwiazda/birmingham_svs/TNO 41.svs","0.121398698884758","40"
"/home/agwiazda/birmingham_svs/TNO 410.svs","0.121398698884758","40"
"/home/agwiazda/birmingham_svs/TNO 414.svs","0.121398698884758","40"
"/home/agwiazda/birmingham_svs/TNO 415.svs","0.121398698884758","40"
"/home/agwiazda/birmingham_svs/TNO 416.svs","0.121398698884758","40"
"/home/agwiazda/birmingham_svs/TNO 417.svs","0.121398698884758","40"
"/home/agwiazda/birmingham_svs/TNO 418.svs","0.121398698884758","40"
"/home/agwiazda/birmingham_svs/TNO 42.svs","0.121398698884758","40"
"/home/agwiazda/birmingham_svs/TNO 422.svs","0.121398698884758","40"
"/home/agwiazda/birmingham_svs/TNO 423.svs","0.121398698884758","40"
"/home/agwiazda/birmingham_svs/TNO 425.svs","0.121398698884758","40"
"/home/agwiazda/birmingham_svs/TNO 428.svs","0.121398698884758","40"
"/home/agwiazda/birmingham_svs/TNO 43.svs","0.121398698884758","40"
"/home/agwiazda/birmingham_svs/TNO 431.svs","0.121398698884758","40"
"/home/agwiazda/birmingham_svs/TNO 433.svs","0.121398698884758","40"
"/home/agwiazda/birmingham_svs/TNO 434.svs","0.121398698884758","40"
"/home/agwiazda/birmingham_svs/TNO 435.svs","0.121398698884758","40"
"/home/agwiazda/birmingham_svs/TNO 437.svs","0.121398698884758","40"
"/home/agwiazda/birmingham_svs/TNO 439.svs","0.121398698884758","40"
"/home/agwiazda/birmingham_svs/TNO 44.svs","0.121398698884758","40"
"/home/agwiazda/birmingham_svs/TNO 448.svs","0.121398698884758","40"
"/home/agwiazda/birmingham_svs/TNO 45.svs","0.121398698884758","40"
"/home/agwiazda/birmingham_svs/TNO 453.svs","0.121398698884758","40"
"/home/agwiazda/birmingham_svs/TNO 458.svs","0.121398698884758","40"
"/home/agwiazda/birmingham_svs/TNO 459.svs","0.121398698884758","40"
"/home/agwiazda/birmingham_svs/TNO 464.svs","0.121398698884758","40"
"/home/agwiazda/birmingham_svs/TNO 466.svs","0.121398698884758","40"
"/home/agwiazda/birmingham_svs/TNO 47.svs","0.121398698884758","40"
"/home/agwiazda/birmingham_svs/TNO 471.svs","0.121398698884758","40"
"/home/agwiazda/birmingham_svs/TNO 472.svs","0.121398698884758","40"
"/home/agwiazda/birmingham_svs/TNO 473.svs","0.121398698884758","40"
"/home/agwiazda/birmingham_svs/TNO 474.svs","0.121398698884758","40"
"/home/agwiazda/birmingham_svs/TNO 477.svs","0.121398698884758","40"
"/home/agwiazda/birmingham_svs/TNO 48.svs","0.121398698884758","40"
"/home/agwiazda/birmingham_svs/TNO 482.svs","0.121398698884758","40"
"/home/agwiazda/birmingham_svs/TNO 483.svs","0.121398698884758","40"
"/home/agwiazda/birmingham_svs/TNO 484.svs","0.121398698884758","40"
"/home/agwiazda/birmingham_svs/TNO 487.svs","0.121398698884758","40"
"/home/agwiazda/birmingham_svs/TNO 49.svs","0.121398698884758","40"
"/home/agwiazda/birmingham_svs/TNO 491.svs","0.121398698884758","40"
"/home/agwiazda/birmingham_svs/TNO 495.svs","0.121398698884758","40"
"/home/agwiazda/birmingham_svs/TNO 496.svs","0.121398698884758","40"
"/home/agwiazda/birmingham_svs/TNO 498.svs","0.121398698884758","40"
"/home/agwiazda/birmingham_svs/TNO 50.svs","0.121398698884758","40"
"/home/agwiazda/birmingham_svs/TNO 500.svs","0.121398698884758","40"
"/home/agwiazda/birmingham_svs/TNO 501.svs","0.121398698884758","40"
"/home/agwiazda/birmingham_svs/TNO 504.svs","0.121398698884758","40"
"/home/agwiazda/birmingham_svs/TNO 505.svs","0.121398698884758","40"
"/home/agwiazda/birmingham_svs/TNO 506.svs","0.121398698884758","40"
"/home/agwiazda/birmingham_svs/TNO 507.svs","0.121398698884758","40"
"/home/agwiazda/birmingham_svs/TNO 509.svs","0.121398698884758","40"
"/home/agwiazda/birmingham_svs/TNO 511.svs","0.121398698884758","40"
"/home/agwiazda/birmingham_svs/TNO 512.svs","0.121398698884758","40"
"/home/agwiazda/birmingham_svs/TNO 514.svs","0.121398698884758","40"
"/home/agwiazda/birmingham_svs/TNO 516.svs","0.121398698884758","40"
"/home/agwiazda/birmingham_svs/TNO 519.svs","0.121398698884758","40"
"/home/agwiazda/birmingham_svs/TNO 52.svs","0.121398698884758","40"
"/home/agwiazda/birmingham_svs/TNO 523.svs","0.121398698884758","40"
"/home/agwiazda/birmingham_svs/TNO 524.svs","0.121398698884758","40"
"/home/agwiazda/birmingham_svs/TNO 53.svs","0.121398698884758","40"
"/home/agwiazda/birmingham_svs/TNO 531.svs","0.121398698884758","40"
"/home/agwiazda/birmingham_svs/TNO 533.svs","0.121398698884758","40"
"/home/agwiazda/birmingham_svs/TNO 536.svs","0.121398698884758","40"
"/home/agwiazda/birmingham_svs/TNO 54.svs","0.121398698884758","40"
"/home/agwiazda/birmingham_svs/TNO 541.svs","0.121398698884758","40"
"/home/agwiazda/birmingham_svs/TNO 542.svs","0.121398698884758","40"
"/home/agwiazda/birmingham_svs/TNO 543.svs","0.121398698884758","40"
"/home/agwiazda/birmingham_svs/TNO 545.svs","0.121398698884758","40"
"/home/agwiazda/birmingham_svs/TNO 546.svs","0.121398698884758","40"
"/home/agwiazda/birmingham_svs/TNO 548.svs","0.121398698884758","40"
"/home/agwiazda/birmingham_svs/TNO 55.svs","0.121398698884758","40"
"/home/agwiazda/birmingham_svs/TNO 552.svs","0.121398698884758","40"
"/home/agwiazda/birmingham_svs/TNO 555.svs","0.121398698884758","40"
"/home/agwiazda/birmingham_svs/TNO 556.svs","0.121398698884758","40"
"/home/agwiazda/birmingham_svs/TNO 56.svs","0.121398698884758","40"
"/home/agwiazda/birmingham_svs/TNO 561.svs","0.121398698884758","40"
"/home/agwiazda/birmingham_svs/TNO 562.svs","0.121398698884758","40"
"/home/agwiazda/birmingham_svs/TNO 564.svs","0.121398698884758","40"
"/home/agwiazda/birmingham_svs/TNO 57.svs","0.121398698884758","40"
"/home/agwiazda/birmingham_svs/TNO 58.svs","0.121398698884758","40"
"/home/agwiazda/birmingham_svs/TNO 6.svs","0.121398698884758","40"
"/home/agwiazda/birmingham_svs/TNO 63.svs","0.121398698884758","40"
"/home/agwiazda/birmingham_svs/TNO 65.svs","0.121398698884758","40"
"/home/agwiazda/birmingham_svs/TNO 66.svs","0.121398698884758","40"
"/home/agwiazda/birmingham_svs/TNO 68.svs","0.121398698884758","40"
"/home/agwiazda/birmingham_svs/TNO 69.svs","0.121398698884758","40"
"/home/agwiazda/birmingham_svs/TNO 70.svs","0.121398698884758","40"
"/home/agwiazda/birmingham_svs/TNO 71.svs","0.121398698884758","40"
"/home/agwiazda/birmingham_svs/TNO 74.svs","0.121398698884758","40"
"/home/agwiazda/birmingham_svs/TNO 76.svs","0.121398698884758","40"
"/home/agwiazda/birmingham_svs/TNO 78.svs","0.121398698884758","40"
"/home/agwiazda/birmingham_svs/TNO 79.svs","0.121398698884758","40"
"/home/agwiazda/birmingham_svs/TNO 80.svs","0.121398698884758","40"
"/home/agwiazda/birmingham_svs/TNO 81.svs","0.121398698884758","40"
"/home/agwiazda/birmingham_svs/TNO 82.svs","0.121398698884758","40"
"/home/agwiazda/birmingham_svs/TNO 83.svs","0.121398698884758","40"
"/home/agwiazda/birmingham_svs/TNO 84.svs","0.121398698884758","40"
"/home/agwiazda/birmingham_svs/TNO 85.svs","0.121398698884758","40"
"/home/agwiazda/birmingham_svs/TNO 86.svs","0.121398698884758","40"
"/home/agwiazda/birmingham_svs/TNO 87.svs","0.121398698884758","40"
"/home/agwiazda/birmingham_svs/TNO 89.svs","0.121398698884758","40"
"/home/agwiazda/birmingham_svs/TNO 9.svs","0.121398698884758","40"
"/home/agwiazda/birmingham_svs/TNO 90.svs","0.121398698884758","40"
"/home/agwiazda/birmingham_svs/TNO 91.svs","0.121398698884758","40"
"/home/agwiazda/birmingham_svs/TNO 92.svs","0.121398698884758","40"
"/home/agwiazda/birmingham_svs/TNO 93.svs","0.121398698884758","40"
"/home/agwiazda/birmingham_svs/TNO 94.svs","0.121398698884758","40"
"/home/agwiazda/birmingham_svs/TNO 95_20240306092932434.svs","0.121398698884758","40"
"/home/agwiazda/birmingham_svs/TNO 98.svs","0.121398698884758","40"
